format	fm-lint-telemetry-v1
git_head	6c326b6902ca7c7d278cffd459a11697584ba393
content_cksum	4242848071-3879
shellcheck_version	0.11.0
analysis_mode	full
ci_partition	1/5
jobs	1
root_count	84
direct_lines	51174
direct_bytes	2484779
source_directives	146
source_boundary_directives	17
source_followed_directives	129
source_target_count	53
shard_1_weight_bytes	1241670
shard_2_weight_bytes	1243109
wall_seconds	195
worker_wall_sum_seconds	unavailable
max_worker_wall_seconds	unavailable
user_seconds	unavailable
system_seconds	unavailable
max_worker_rss_kib	unavailable
worker_rss_sum_kib	unavailable
shellcheck_processes_start	0
shellcheck_processes_end	0
load_average_start	2.51/3.51/3.46
load_average_end	3.63/3.64/3.53
aggregate_cpu_percent_start	123.90
aggregate_cpu_percent_end	117.80
result_exit	0
